<?xml version='1.0' encoding='windows-1251'?>
               <tree id="0"><item text="Information" id="i0" open="1" im0="content.gif" im1="content.gif" im2="content.gif" style="font-weight:bold; background-color: #f5f5f5; color:black;cursor:default;" tooltip="Information">
                    	<item text="News" id="i0_0" im0="main.gif" im1="main.gif" im2="main.gif" style="color: steelblue; " tooltip="News">
                        <userdata name="myurl">news.php</userdata>
                        </item> 
                       
                    	<item text="FAQ" id="i0_1" im0="main.gif" im1="main.gif" im2="main.gif" style="color: steelblue; " tooltip="FAQ">
                        <userdata name="myurl">faq.php</userdata>
                        </item> 
                       
                    	<item text="Examples" id="i0_2" im0="main.gif" im1="main.gif" im2="main.gif" style="color: steelblue; " tooltip="Examples">
                        <userdata name="myurl">examples.php</userdata>
                        </item> 
                       </item><item text="Clients" id="i1" open="1" im0="commerce.gif" im1="commerce.gif" im2="commerce.gif" style="font-weight:bold; background-color: #f5f5f5; color:black;cursor:default;" tooltip="Clients">
                    	<item text="Orders" id="i1_0" im0="main.gif" im1="main.gif" im2="main.gif" style="color: steelblue; " tooltip="Orders">
                        <userdata name="myurl">orders.php</userdata>
                        </item> 
                       
                    	<item text="Users" id="i1_1" im0="main.gif" im1="main.gif" im2="main.gif" style="color: steelblue; " tooltip="Users">
                        <userdata name="myurl">users.php</userdata>
                        </item> 
                       </item><item text="Tools" id="i2" open="1" im0="tools.gif" im1="tools.gif" im2="tools.gif" style="font-weight:bold; background-color: #f5f5f5; color:black;cursor:default;" tooltip="Tools">
                    	<item text="Configuration" id="i2_0" im0="main.gif" im1="main.gif" im2="main.gif" style="color: steelblue; " tooltip="Configuration">
                        <userdata name="myurl">configure.php</userdata>
                        </item> 
                       
                    	<item text="Modules" id="i2_1" im0="main.gif" im1="main.gif" im2="main.gif" style="color: steelblue; " tooltip="Modules">
                        <userdata name="myurl">modules.php</userdata>
                        </item> 
                       </item><item text="Service" id="i3" open="1" im0="maintenance.gif" im1="maintenance.gif" im2="maintenance.gif" style="font-weight:bold; background-color: #f5f5f5; color:black;cursor:default;" tooltip="Service">
                    	<item text="History" id="i3_0" im0="main.gif" im1="main.gif" im2="main.gif" style="color: steelblue; " tooltip="History">
                        <userdata name="myurl">history.php</userdata>
                        </item> 
                       </item></tree> 