<?xml version='1.0' encoding='windows-1251'?>
               <tree id="0"><item text="Information" id="i0" open="1" im0="content.gif" im1="content.gif" im2="content.gif" style="font-weight:bold; background-color: #f5f5f5; color:black;cursor:default;" tooltip="Information">
                    	<item text="Courses" id="i0_0" im0="main.gif" im1="main.gif" im2="main.gif" style="color: steelblue; " tooltip="Courses">
                        <userdata name="myurl">courses.php</userdata>
                        </item> 
                       
                    	<item text="Programs" id="i0_1" im0="main.gif" im1="main.gif" im2="main.gif" style="color: steelblue; " tooltip="Programs">
                        <userdata name="myurl">programs.php</userdata>
                        </item> 
                       
                    	<item text="Coaches" id="i0_2" im0="main.gif" im1="main.gif" im2="main.gif" style="color: steelblue; " tooltip="Coaches">
                        <userdata name="myurl">coaches.php</userdata>
                        </item> 
                       
                    	<item text="Assignments" id="i0_3" im0="main.gif" im1="main.gif" im2="main.gif" style="color: steelblue; " tooltip="Assignments">
                        <userdata name="myurl">assignments.php</userdata>
                        </item> 
                       
                    	<item text="Categories" id="i0_4" im0="main.gif" im1="main.gif" im2="main.gif" style="color: steelblue; " tooltip="Categories">
                        <userdata name="myurl">categories.php</userdata>
                        </item> 
                       
                    	<item text="Products" id="i0_5" im0="main.gif" im1="main.gif" im2="main.gif" style="color: steelblue; " tooltip="Products">
                        <userdata name="myurl">products.php</userdata>
                        </item> 
                       </item><item text="Tools" id="i2" open="1" im0="tools.gif" im1="tools.gif" im2="tools.gif" style="font-weight:bold; background-color: #f5f5f5; color:black;cursor:default;" tooltip="Tools">
                    	<item text="Configuration" id="i2_0" im0="main.gif" im1="main.gif" im2="main.gif" style="color: steelblue; " tooltip="Configuration">
                        <userdata name="myurl">configuration.php</userdata>
                        </item> 
                       
                    	<item text="Modules" id="i2_1" im0="main.gif" im1="main.gif" im2="main.gif" style="color: steelblue; " tooltip="Modules">
                        <userdata name="myurl">modules.php</userdata>
                        </item> 
                       
                    	<item text="Administrators" id="i2_2" im0="main.gif" im1="main.gif" im2="main.gif" style="color: steelblue; " tooltip="Administrators">
                        <userdata name="myurl">users.php</userdata>
                        </item> 
                       </item></tree> 